﻿<?xml version="1.0" encoding="UTF-8"?>

<!DOCTYPE tv SYSTEM "xmltv.dtd">

<tv>

<channel id="Antena3.TV">

<display-name>Antena3.TV</display-name>

<programme channel="Antena3.TV" start="20240116075500 +0000" stop="20240116122000 +0000">

<title>Espejo Público: Episodio 4178</title>

<desc>Magacín matinal presentado por Susana Griso cuyo eje central es la actualidad nacional e internacional más inmediata. El programa incluye reportajes, entrevistas, tertulias y debates, así como secciones sobre gastronomía, moda, belleza, salud y crónica de sucesos.</desc>

<category>Entretenimiento</category>

<icon src="https://www.movistarplus.es/recorte/n/caratula4/MA3P3222493"/>

</programme>

<programme channel="Antena3.TV" start="20240116124500 +0000" stop="20240116140000 +0000">

<title>La ruleta de la suerte: Episodio 4150</title>

<desc>Clásico concurso en el que tres participantes deben adivinar las letras correctas que forman una palabra o una frase con la ayuda de una ruleta que cuenta con 24 opciones. La presentación del programa corre a cargo de Jorge Fernández con la colaboración de Laura Moure.</desc>

<category>Entretenimiento</category>

<icon src="https://www.movistarplus.es/recorte/n/caratula4/MA3P3222497"/>

</programme>

<programme channel="Antena3.TV" start="20240116170000 +0000" stop="20240116190000 +0000">

<title>Y ahora, Sonsoles: Episodio 91</title>

<desc>Espacio dedicado a los asuntos de más actualidad con los mejores colaboradores e invitados. Es un programa presentado por la periodista Sonsoles Ónega.</desc>

<category>Entretenimiento</category>

<icon src="https://www.movistarplus.es/recorte/n/caratula4/MA3P3222501"/>

</programme>

<programme channel="Antena3.TV" start="20240116190000 +0000" stop="20240116200000 +0000">

<title>Pasapalabra: Episodio 936</title>

<desc>Concurso presentado por Roberto Leal, que se basa en las habilidades con el lenguaje. Durante los 30 minutos que dura el espacio, los concursantes, ayudados por famosos, tendrán que superar pruebas diferentes que giran alrededor del alfabeto y las palabras.</desc>

<category>Entretenimiento</category>

<icon src="https://www.movistarplus.es/recorte/n/caratula4/MA3P3222503"/>

</programme>

<programme channel="Antena3.TV" start="20240116204500 +0000" stop="20240116214500 +0000">

<title>El hormiguero 3.0: Chanel</title>

<desc>Pablo Motos recibe la visita de la cantante Chanel, quien presenta su primer y esperado disco de estudio, titulado "¡Agua!''.</desc>

<category>Entretenimiento</category>

<icon src="https://www.movistarplus.es/recorte/n/caratula4/MA3P3222505"/>

</programme>

<programme channel="Antena3.TV" start="20240117013000 +0000" stop="20240117021500 +0000">

<title>Live casino</title>

<desc>Concurso nocturno para que los espectadores puedan jugar como si estuvieran en el casino desde casa. La ruleta, el blackjack o el punto y banca son algunos de los juegos disponibles.</desc>

<category>Entretenimiento</category>

<icon src="https://www.movistarplus.es/recorte/n/caratula4/MA3P1531672"/>

</programme>

<programme channel="Antena3.TV" start="20240117075500 +0000" stop="20240117122000 +0000">

<title>Espejo Público: Episodio 4179</title>

<desc>Magacín matinal presentado por Susana Griso cuyo eje central es la actualidad nacional e internacional más inmediata. El programa incluye reportajes, entrevistas, tertulias y debates, así como secciones sobre gastronomía, moda, belleza, salud y crónica de sucesos.</desc>

<category>Entretenimiento</category>

<icon src="https://www.movistarplus.es/recorte/n/caratula4/MA3P3222507"/>

</programme>

<programme channel="Antena3.TV" start="20240117124500 +0000" stop="20240117140000 +0000">

<title>La ruleta de la suerte: Episodio 4151</title>

<desc>Clásico concurso en el que tres participantes deben adivinar las letras correctas que forman una palabra o una frase con la ayuda de una ruleta que cuenta con 24 opciones. La presentación del programa corre a cargo de Jorge Fernández con la colaboración de Laura Moure.</desc>

<category>Entretenimiento</category>

<icon src="https://www.movistarplus.es/recorte/n/caratula4/MA3P3222511"/>

</programme>

<programme channel="Antena3.TV" start="20240117170000 +0000" stop="20240117190000 +0000">

<title>Y ahora, Sonsoles: Episodio 92</title>

<desc>Espacio dedicado a los asuntos de más actualidad con los mejores colaboradores e invitados. Es un programa presentado por la periodista Sonsoles Ónega.</desc>

<category>Entretenimiento</category>

<icon src="https://www.movistarplus.es/recorte/n/caratula4/MA3P3222515"/>

</programme>

<programme channel="Antena3.TV" start="20240117190000 +0000" stop="20240117200000 +0000">

<title>Pasapalabra: Episodio 937</title>

<desc>Concurso presentado por Roberto Leal, que se basa en las habilidades con el lenguaje. Durante los 30 minutos que dura el espacio, los concursantes, ayudados por famosos, tendrán que superar pruebas diferentes que giran alrededor del alfabeto y las palabras.</desc>

<category>Entretenimiento</category>

<icon src="https://www.movistarplus.es/recorte/n/caratula4/MA3P3222517"/>

</programme>

<programme channel="Antena3.TV" start="20240117204500 +0000" stop="20240117214500 +0000">

<title>El hormiguero 3.0: Antonio Resines y Jorge Sanz</title>

<desc>Antonio Resines y Jorge Sanz presentan "Serrines, madera de actor". Esta nueva ficción se fija en la vida de Serrines, un actor que, a punto de protagonizar el reboot de la serie que lo hizo famoso, decide cancelar el proyecto para dar un nuevo enfoque a su carrera.</desc>

<category>Entretenimiento</category>

<icon src="https://www.movistarplus.es/recorte/n/caratula4/MA3P3222519"/>

</programme>

<programme channel="Antena3.TV" start="20240118013000 +0000" stop="20240118021500 +0000">

<title>Live casino</title>

<desc>Concurso nocturno para que los espectadores puedan jugar como si estuvieran en el casino desde casa. La ruleta, el blackjack o el punto y banca son algunos de los juegos disponibles.</desc>

<category>Entretenimiento</category>

<icon src="https://www.movistarplus.es/recorte/n/caratula4/MA3P1531672"/>

</programme>

<programme channel="Antena3.TV" start="20240118075500 +0000" stop="20240118122000 +0000">

<title>Espejo Público: Episodio 4180</title>

<desc>Magacín matinal presentado por Susana Griso cuyo eje central es la actualidad nacional e internacional más inmediata. El programa incluye reportajes, entrevistas, tertulias y debates, así como secciones sobre gastronomía, moda, belleza, salud y crónica de sucesos.</desc>

<category>Entretenimiento</category>

<icon src="https://www.movistarplus.es/recorte/n/caratula4/MA3P3222521"/>

</programme>

<programme channel="Antena3.TV" start="20240118124500 +0000" stop="20240118140000 +0000">

<title>La ruleta de la suerte: Episodio 4152</title>

<desc>Clásico concurso en el que tres participantes deben adivinar las letras correctas que forman una palabra o una frase con la ayuda de una ruleta que cuenta con 24 opciones. La presentación del programa corre a cargo de Jorge Fernández con la colaboración de Laura Moure.</desc>

<category>Entretenimiento</category>

<icon src="https://www.movistarplus.es/recorte/n/caratula4/MA3P3222525"/>

</programme>

<programme channel="Antena3.TV" start="20240118170000 +0000" stop="20240118190000 +0000">

<title>Y ahora, Sonsoles: Episodio 93</title>

<desc>Espacio dedicado a los asuntos de más actualidad con los mejores colaboradores e invitados. Es un programa presentado por la periodista Sonsoles Ónega.</desc>

<category>Entretenimiento</category>

<icon src="https://www.movistarplus.es/recorte/n/caratula4/MA3P3222529"/>

</programme>

<programme channel="Antena3.TV" start="20240118190000 +0000" stop="20240118200000 +0000">

<title>Pasapalabra: Episodio 938</title>

<desc>Concurso presentado por Roberto Leal, que se basa en las habilidades con el lenguaje. Durante los 30 minutos que dura el espacio, los concursantes, ayudados por famosos, tendrán que superar pruebas diferentes que giran alrededor del alfabeto y las palabras.</desc>

<category>Entretenimiento</category>

<icon src="https://www.movistarplus.es/recorte/n/caratula4/MA3P3222531"/>

</programme>

<programme channel="Antena3.TV" start="20240118204500 +0000" stop="20240118214500 +0000">

<title>El hormiguero 3.0: Episodio 1954</title>

<desc>Pablo Motos capitanea un equipo de desenfadados personajes dispuestos a diseccionar cada día la actualidad en tono jocoso. El programa incluye experimentos científicos, actuaciones musicales y entrevistas con los más destacados personajes del mundo del espectáculo.</desc>

<category>Entretenimiento</category>

<icon src="https://www.movistarplus.es/recorte/n/caratula4/MA3P3222533"/>

</programme>

<programme channel="Antena3.TV" start="20240119013000 +0000" stop="20240119021500 +0000">

<title>Live casino</title>

<desc>Concurso nocturno para que los espectadores puedan jugar como si estuvieran en el casino desde casa. La ruleta, el blackjack o el punto y banca son algunos de los juegos disponibles.</desc>

<category>Entretenimiento</category>

<icon src="https://www.movistarplus.es/recorte/n/caratula4/MA3P1531672"/>

</programme>

</channel>

</tv>